{
  "mean_": [
    -8.086400537568304e-16,
    -7.95383659432948e-16,
    -8.086400537568304e-16,
    8.616656310523603e-17,
    -1.98845914858237e-16,
    -1.9884591485823698e-17,
    -1.3256394323882466e-17,
    3.9769182971647396e-17,
    -1.7481870014620002e-16,
    7.953836594329479e-17,
    1.3256394323882466e-17,
    3.3140985809706165e-18,
    -5.3025577295529864e-17,
    -1.0605115459105973e-16,
    -2.6512788647764932e-17
  ],
  "scale_": [
    1.0,
    1.0,
    1.0,
    1.0000000000000002,
    1.0,
    0.9999999999999999,
    1.0,
    1.0,
    1.0,
    1.0000000000000002,
    1.0,
    1.0,
    1.0,
    1.0,
    0.9999999999999999
  ]
}