{
  "mean_": [
    156.1595970149254,
    31.620820895522385,
    74.83928358208955,
    257.30962686567165,
    49.21889552238806,
    42.859149253731346,
    2002440.0034179105
  ],
  "scale_": [
    138.73011777769713,
    43.00205080233648,
    87.42245833706406,
    244.19518251450748,
    38.22234271315171,
    38.30661942983095,
    6864141.430919169
  ]
}