{
  "mean_": [
    0.8054139611993913,
    0.8047324611993913,
    0.8054139611993913,
    0.17193688865849377,
    0.2805788903111736,
    0.013993615069005552,
    0.2510687656122744,
    0.02961314244308553,
    156.1595970149254,
    31.620820895522385,
    74.83928358208955,
    257.30962686567165,
    49.21889552238806,
    42.859149253731346,
    2002440.0034179105
  ],
  "scale_": [
    0.1078551711055046,
    0.10832824600519685,
    0.1078551711055046,
    0.16770524334330955,
    0.11166315927929456,
    0.022999401225089686,
    0.14596914303756442,
    0.04480757345791895,
    138.73011777769713,
    43.00205080233648,
    87.42245833706406,
    244.19518251450748,
    38.22234271315171,
    38.30661942983095,
    6864141.430919169
  ]
}