{
  "mean_": [
    156.1595970149254,
    257.30962686567165,
    49.21889552238806,
    42.859149253731346,
    0.569734716926654
  ],
  "scale_": [
    138.73011777769713,
    244.19518251450748,
    38.22234271315171,
    38.30661942983095,
    0.4794066022171299
  ]
}